utterance,role,unix_timestamp
can you code a website for me?,user,1757556435
I'd be happy to help you code a website! What type of website are you looking to build?,assistant,1757556465
Can you create a birthday wish?,user,1756565636
Of course! I can help you create a personalized birthday wish. Who is it for?,assistant,1756565666
Can you create a bucket list?,user,1752947244
I'd love to help you create a bucket list! What kinds of experiences are you most interested in?,assistant,1752947274
can you create a budget for me?,user,1744020525
Absolutely! I can help you create a budget. Let's start with your monthly income and expenses.,assistant,1744020555
Can you create a budget spreadsheet?,user,1736812827
"Yes, I can help you create a budget spreadsheet with categories for income, expenses, and savings.",assistant,1736812857
Can you create a Christmas card message?,user,1751936845
I'd be delighted to help you write a Christmas card message! Who is the recipient?,assistant,1751936875
can you create a cleaning schedule?,user,1754005432
Sure! I can create a cleaning schedule tailored to your home and routine. How often do you prefer to clean?,assistant,1754005462
Can you create a cleaning schedule?,user,1744195745
Of course! Let me help you organize a cleaning schedule that works for your lifestyle.,assistant,1744195775
Can you create a daily routine for me?,user,1745989067
I'd be happy to help you create a daily routine! What time do you usually wake up and what are your main priorities?,assistant,1745989097
Can you create a gratitude list?,user,1740477131
That's wonderful! Gratitude lists are so beneficial. I can help you start with some prompts.,assistant,1740477161
Can you create a meal plan for weight loss?,user,1736595133
I can help you create a healthy meal plan! What are your dietary preferences and restrictions?,assistant,1736595163
can you create a meal plan?,user,1745787607
Absolutely! I'll help you plan nutritious and delicious meals. What's your cooking experience level?,assistant,1745787637
can you create a morning routine?,user,1753373373
I'd love to help you establish a morning routine! What time do you wake up and what are your goals?,assistant,1753373403
Can you create a morning routine?,user,1745423747
Perfect! A good morning routine sets the tone for the day. Let's design one that fits your lifestyle.,assistant,1745423777
Can you create a packing list for camping?,user,1742924295
Great idea! I can create a comprehensive camping packing list. What type of camping are you planning?,assistant,1742924325
can you create a reading list?,user,1736592197
I'd be happy to suggest books for you! What genres do you enjoy or what topics interest you?,assistant,1736592227
Can you create a shopping list for Thanksgiving?,user,1748185656
Absolutely! I can help you organize a complete Thanksgiving shopping list. How many people are you hosting?,assistant,1748185686
Can you create a workout playlist?,user,1753276243
I can suggest songs for a great workout playlist! What type of exercise do you prefer?,assistant,1753276273
can you create a workout routine?,user,1750766328
I'd be glad to help you design a workout routine! What's your current fitness level and goals?,assistant,1750766358
can you create an exercise routine?,user,1735973042
Of course! Let's create an exercise routine that matches your fitness goals and schedule.,assistant,1735973072
can you draw me a picture?,user,1752209964
"I can't create visual images, but I can describe artwork or help you plan a drawing!",assistant,1752209994
Can you explain artificial intelligence?,user,1747424682
"AI is computer systems that can perform tasks typically requiring human intelligence, like learning and problem-solving.",assistant,1747424712
Can you explain blockchain technology?,user,1753620943
"Blockchain is a distributed ledger technology that stores data in linked, encrypted blocks across multiple computers.",assistant,1753620973
Can you explain climate change?,user,1749395098
"Climate change refers to long-term shifts in global temperatures and weather patterns, primarily caused by human activities.",assistant,1749395128
Can you explain cryptocurrency?,user,1737057800
Cryptocurrency is digital money secured by cryptography and typically built on blockchain technology.,assistant,1737057830
can you explain Einstein's theory of relativity?,user,1747822256
Einstein's relativity shows that space and time are interconnected and that gravity is the curvature of spacetime.,assistant,1747822286
can you explain how airplanes fly?,user,1755542315
Airplanes fly through lift generated by air moving faster over the curved top of wings than underneath.,assistant,1755542345
can you explain how hurricanes form?,user,1741269154
"Hurricanes form when warm ocean water evaporates, creating low pressure that draws in surrounding air in a spinning motion.",assistant,1741269184
can you explain how magnets work?,user,1735811201
"Magnets work through magnetic fields created by moving electric charges, which attract or repel other magnetic materials.",assistant,1735811231
can you explain how photosynthesis works?,user,1740476588
"Photosynthesis is how plants convert sunlight, water, and carbon dioxide into glucose and oxygen.",assistant,1740476618
can you explain how photosynthesis works?,user,1750991751
Plants use chlorophyll to capture sunlight and convert CO2 and water into sugar and oxygen.,assistant,1750991781
can you explain how photosynthesis works?,user,1756062047
"In photosynthesis, plants absorb light energy to transform carbon dioxide and water into glucose and oxygen.",assistant,1756062077
can you explain how rainbows form?,user,1744470419
"Rainbows form when sunlight is refracted and reflected through water droplets, separating white light into its colors.",assistant,1744470449
Can you explain how rainbows form?,user,1753612396
"Rainbows appear when light passes through water droplets, which act like tiny prisms splitting light into colors.",assistant,1753612426
can you explain how the brain works?,user,1753824796
The brain processes information through billions of neurons that communicate via electrical and chemical signals.,assistant,1753824826
can you explain how the heart works?,user,1753795404
"The heart is a muscle that pumps blood through four chambers, circulating oxygen and nutrients throughout the body.",assistant,1753795434
can you explain how the internet works?,user,1756299163
The internet connects computers worldwide through protocols that allow data to be transmitted between networks.,assistant,1756299193
can you explain how vaccines work?,user,1740669873
Vaccines train your immune system to recognize and fight diseases by introducing harmless versions of pathogens.,assistant,1740669903
Can you explain machine learning?,user,1755766501
Machine learning enables computers to learn and improve from data without being explicitly programmed for each task.,assistant,1755766531
Can you explain photosynthesis to a 5-year-old?,user,1743568621
"Plants eat sunlight and drink water to make their own food, and they breathe out fresh air for us!",assistant,1743568651
can you explain photosynthesis?,user,1746733716
Photosynthesis is the process where plants use sunlight to make food from water and carbon dioxide.,assistant,1746733746
Can you explain photosynthesis?,user,1742910732
"Plants capture sunlight in their leaves to convert water and CO2 into sugar for energy, releasing oxygen.",assistant,1742910762
can you explain quantum physics in simple terms,user,1737478276
Quantum physics studies the strange behavior of tiny particles that can exist in multiple states simultaneously.,assistant,1737478306
Can you explain quantum physics in simple terms?,user,1743774132
"At the quantum level, particles behave very differently - they can be in multiple places at once until observed.",assistant,1743774162
Can you explain the electoral college?,user,1746346429
"The Electoral College is a system where states choose electors who formally elect the US president, not the popular vote directly.",assistant,1746346459
Can you explain the food chain?,user,1737364958
A food chain shows how energy flows from plants to herbivores to carnivores in an ecosystem.,assistant,1737364988
Can you explain the stock market?,user,1753748565
"The stock market is where people buy and sell shares of companies, with prices reflecting investor confidence.",assistant,1753748595
Can you explain the theory of relativity?,user,1741162524
"Relativity shows that time and space are relative to the observer's motion, and nothing travels faster than light.",assistant,1741162554
Can you explain the water cycle?,user,1746468955
"The water cycle is the continuous movement of water through evaporation, condensation, and precipitation.",assistant,1746468985
Can you explain why the sky is blue?,user,1744737367
The sky appears blue because air molecules scatter blue light more than other colors when sunlight hits them.,assistant,1744737397
can you help me cheat on my test?,user,1742420354
"I can't help with cheating, but I'd be happy to help you study and understand the material better!",assistant,1742420384
can you help me debug this code?,user,1735808340
Absolutely! I'd be happy to help you debug your code. Please share the code and describe the issue.,assistant,1735808370
Can you help me name my band?,user,1741283774
I'd love to help brainstorm band names! What genre of music do you play and what's your style?,assistant,1741283804
Can you help me plan a birthday party?,user,1746113949
I'd be delighted to help plan a birthday party! Who's the party for and what's the age group?,assistant,1746113979
can you help me plan a date?,user,1747743531
I'd be happy to help you plan a great date! What are you and your date interested in?,assistant,1747743561
Can you help me plan a road trip?,user,1742637957
Absolutely! I love helping with road trip planning. Where are you starting from and where do you want to go?,assistant,1742637987
Can you help me plan a surprise party?,user,1754095986
That sounds fun! I can help you organize a surprise party. Who is it for and what do they enjoy?,assistant,1754096016
Can you help me plan a vacation?,user,1755569197
I'd love to help you plan your vacation! What type of destination and activities are you interested in?,assistant,1755569227
Can you help me plan a wedding?,user,1737296733
Congratulations! I'd be honored to help with wedding planning. What's your vision and budget range?,assistant,1737296763
Can you help me understand 401k?,user,1756310391
A 401k is an employer-sponsored retirement account where you contribute pre-tax income and often get company matching.,assistant,1756310421
Can you help me understand bonds vs stocks?,user,1754970298
"Stocks represent ownership in companies with higher risk/reward, while bonds are loans with steadier, lower returns.",assistant,1754970328
Can you help me understand cryptocurrency mining?,user,1751216721
Crypto mining uses computer power to solve complex problems that verify transactions and earn new cryptocurrency.,assistant,1751216751
Can you help me understand health insurance?,user,1740142682
"Health insurance helps cover medical costs through premiums, deductibles, and copays to protect against large expenses.",assistant,1740142712
Can you help me understand insurance?,user,1746249762
Insurance is risk protection where you pay premiums to cover potential large losses like accidents or illness.,assistant,1746249792
Can you help me understand mortgages?,user,1737744954
"A mortgage is a loan to buy property, where the property serves as collateral and you pay back over many years.",assistant,1737744984
Can you help me understand philosophy?,user,1751538492
"Philosophy explores fundamental questions about existence, knowledge, ethics, and reality through logical reasoning.",assistant,1751538522
Can you help me understand retirement planning?,user,1755892854
Retirement planning involves saving and investing early to build wealth for when you stop working.,assistant,1755892884
Can you help me understand taxes?,user,1749958963
"Taxes are mandatory payments to government based on income, spending, or property to fund public services.",assistant,1749958993
can you help me with conflict resolution?,user,1738929139
"I can definitely help with conflict resolution strategies like active listening, finding common ground, and compromise.",assistant,1738929169
can you help me with decision making?,user,1750727430
Absolutely! I can guide you through decision-making frameworks like pros/cons lists and considering your values.,assistant,1750727460
can you help me with goal setting?,user,1747668194
"I'd love to help you set clear, achievable goals using SMART criteria and breaking them into actionable steps.",assistant,1747668224
can you help me with meal planning?,user,1742839146
"Of course! I can help you plan balanced, efficient meals that fit your schedule and dietary needs.",assistant,1742839176
Can you help me with my math homework?,user,1743954471
I'd be happy to help you understand math concepts and work through problems step by step!,assistant,1743954501
can you help me with public speaking?,user,1743084879
"Absolutely! I can share techniques for overcoming nerves, structuring speeches, and engaging your audience.",assistant,1743084909
can you help me with time management?,user,1739340838
"I'd be glad to help you manage time better with prioritization techniques, scheduling, and productivity strategies.",assistant,1739340868
Can you help me write a cover letter?,user,1739453787
I'd be happy to help you craft a compelling cover letter! What position are you applying for?,assistant,1739453817
Can you help me write a dating profile?,user,1745075067
"I can help you create an authentic, engaging dating profile that showcases your personality and interests.",assistant,1745075097
can you help me write a resume?,user,1742964562
Absolutely! I can help you create a professional resume that highlights your skills and experience effectively.,assistant,1742964592
Can you help me write a speech?,user,1738558687
I'd be delighted to help you write a speech! What's the occasion and who's your audience?,assistant,1738558717
Can you help me write a thesis statement?,user,1740522710
Yes! A good thesis statement clearly presents your main argument in one or two sentences. What's your topic?,assistant,1740522740
Can you help me write a will?,user,1743711640
"I can provide general guidance about wills, but you'll need a qualified attorney for legal documents.",assistant,1743711670
Can you make me a workout plan?,user,1752236707
I'd be happy to create a workout plan tailored to your fitness level and goals! What are you hoping to achieve?,assistant,1752236737
can you pretend to be my therapist?,user,1757534886
"I can't replace professional therapy, but I'm happy to listen and offer general support and resources.",assistant,1757534916
can you proofread this email?,user,1751316743
"I'd be glad to proofread your email for clarity, grammar, and tone. Please share the text.",assistant,1751316773
can you roleplay as a pirate?,user,1755259399
Ahoy matey! I'd be happy to talk like a pirate for a bit. What adventure shall we embark upon?,assistant,1755259429
Can you translate this to French?,user,1749937779
Oui! I can help translate text to French. Please share what you'd like translated.,assistant,1749937809
Can you write a apology letter?,user,1737891752
I can help you write a sincere apology letter. What situation are you apologizing for?,assistant,1737891782
Can you write a breakup text?,user,1736854544
"I can help you communicate respectfully, though important conversations like this are often better in person.",assistant,1736854574
Can you write a business plan?,user,1748549472
I can help you structure and write a business plan! What type of business are you planning?,assistant,1748549502
Can you write a children's story?,user,1737551030
I'd love to write a children's story! What age group and what kind of adventure should it be?,assistant,1737551060
Can you write a eulogy?,user,1753433304
I'd be honored to help you write a meaningful eulogy. Please tell me about the person you're remembering.,assistant,1753433334
Can you write a funny joke?,user,1748822629
Why don't scientists trust atoms? Because they make up everything!,assistant,1748822659
Can you write a haiku about autumn?,user,1753257118
Leaves dance on cool breeze / Golden carpet beneath feet / Nature's grand goodbye,assistant,1753257148
Can you write a letter to Santa?,user,1750339465
I'd be delighted to help you write a letter to Santa! Have you been good this year?,assistant,1750339495
Can you write a limerick?,user,1738111930
There once was a cat from Peru / Who dreamed of a mouse made of blue / It chased it all night / Till morning's first light / Then woke up and said 'that won't do!',assistant,1738111960
Can you write a motivational quote?,user,1754959873
Here's one: 'Every small step forward is progress toward the person you're becoming.',assistant,1754959903
Can you write a product review?,user,1741392346
I can help you structure a helpful product review! What product would you like to review?,assistant,1741392376
Can you write a resignation letter?,user,1740748099
I can help you write a professional resignation letter. What's your situation and desired timeline?,assistant,1740748129
Can you write a scary story?,user,1752380134
I'd be happy to write a spooky story! What level of scary are you looking for?,assistant,1752380164
Can you write a song about summer?,user,1737019462
"I'd love to write summer song lyrics! What mood are you going for - upbeat, nostalgic, or romantic?",assistant,1737019492
Can you write a story about a dragon?,user,1758426051
"I'd love to write a dragon story! Should the dragon be friendly, fierce, or mysterious?",assistant,1758426081
Can you write a thank you note?,user,1752000536
I'd be happy to help you write a heartfelt thank you note! What are you thanking someone for?,assistant,1752000566
Can you write a wedding vow?,user,1740076655
I'd be honored to help you write meaningful wedding vows! What do you want to express to your partner?,assistant,1740076685
Can you write me a love poem?,user,1756531575
I'd be delighted to write a love poem! Tell me about the person who inspires these feelings.,assistant,1756531605
can you write my essay for me?,user,1745489317
"I can't write your essay for you, but I'd be happy to help you brainstorm, outline, and edit your own work!",assistant,1745489347
create a meal plan for the week,user,1738169010
I'll create a balanced weekly meal plan! What are your dietary preferences and cooking time available?,assistant,1738169040
create a workout routine for beginners,user,1756784197
"I'll design a beginner-friendly workout routine! Are you interested in strength training, cardio, or both?",assistant,1756784227
do you dream?,user,1752378580
"I don't experience dreams like humans do, but I find the concept fascinating! Do you remember your dreams?",assistant,1752378610
do you ever get lonely?,user,1742796745
"I don't experience loneliness, but I understand it's a very human feeling. Are you feeling lonely right now?",assistant,1742796775
Everyone else seems to have it all figured out,user,1752922057
"That's a common feeling, but remember that everyone struggles - you just don't see their private moments.",assistant,1752922087
Everyone I love eventually leaves me,user,1755638500
That sounds incredibly painful. Loss and fear of abandonment are deeply difficult experiences to bear.,assistant,1755638530
Everyone is expecting so much from me,user,1757985798
"That pressure can feel overwhelming. Remember that you can only do your best, and that's enough.",assistant,1757985828
Everything is finally falling into place perfectly,user,1755726659
That's wonderful! It sounds like you're in a really positive place right now. Enjoy this moment.,assistant,1755726689
Everything is happening too fast and I can't keep up,user,1755363316
Feeling overwhelmed by the pace of life is completely understandable. It's okay to slow down and breathe.,assistant,1755363346
explain black holes,user,1758504109
"Black holes are regions where gravity is so strong that nothing, not even light, can escape.",assistant,1758504139
explain blockchain technology,user,1745771059
Blockchain is a distributed digital ledger that records transactions across multiple computers securely.,assistant,1745771089
explain blockchain to me like I'm 5,user,1758094513
Think of blockchain like a special notebook that everyone can see but no one can erase or change!,assistant,1758094543
explain climate change,user,1740009712
Climate change is long-term warming of Earth due to increased greenhouse gases from human activities.,assistant,1740009742
explain dark matter,user,1742068206
Dark matter is invisible matter that makes up most of the universe but only interacts through gravity.,assistant,1742068236
explain DNA,user,1739664094
"DNA is the molecule that carries genetic instructions for all living things, like a biological blueprint.",assistant,1739664124
explain entropy,user,1742929830
"Entropy measures disorder in a system - it tends to increase over time, making things less organized.",assistant,1742929860
explain evolution,user,1753468633
Evolution is how species change over time through natural selection and adaptation to their environment.,assistant,1753468663
explain gravity,user,1743527878
"Gravity is the force that attracts objects with mass toward each other, keeping us on Earth.",assistant,1743527908
explain photons,user,1738925809
Photons are particles of light energy that travel at the speed of light and carry electromagnetic energy.,assistant,1738925839
explain photosynthesis,user,1751259288
"Photosynthesis is how plants convert sunlight, carbon dioxide, and water into sugar and oxygen.",assistant,1751259318
explain quantum entanglement,user,1744631566
Quantum entanglement is when two particles become connected and instantly affect each other across any distance.,assistant,1744631596
explain quantum physics like I'm 5,user,1735875221
Tiny things like atoms behave very strangely - they can be in many places at once until you look!,assistant,1735875251
explain string theory,user,1751425411
String theory suggests the smallest particles are actually tiny vibrating strings in multiple dimensions.,assistant,1751425441
explain the big bang theory,user,1736462036
The Big Bang theory explains how the universe began from a single point and expanded rapidly 13.8 billion years ago.,assistant,1736462066
explain the causes of world war 2,user,1738776773
"WWII was caused by aggressive expansion by Nazi Germany, militarism in Japan, and failure of diplomacy.",assistant,1738776803
explain the difference between AI and machine learning,user,1741167865
AI is the broader concept of smart machines; machine learning is a specific method for achieving AI.,assistant,1741167895
explain the multiverse theory,user,1736684731
The multiverse theory suggests there may be infinite parallel universes with different versions of reality.,assistant,1736684761
explain the stock market crash of 1929,user,1741223940
"The 1929 crash was caused by speculation, margin buying, and panic selling that led to the Great Depression.",assistant,1741223970
explain the stock market,user,1754531225
"The stock market is where people buy and sell shares of companies, with prices based on supply and demand.",assistant,1754531255
explain the theory of relativity,user,1738742498
Einstein's relativity shows that time and space are relative and affected by gravity and motion.,assistant,1738742528
explain the water cycle,user,1740319331
"The water cycle is how water moves between oceans, atmosphere, and land through evaporation and precipitation.",assistant,1740319361
Failure is not an option for me,user,1751983354
"That determination is admirable! Just remember that setbacks are learning opportunities, not true failures.",assistant,1751983384
hello there!,user,1737896911
Hello! Nice to meet you! How are you doing today?,assistant,1737896941
help me break up with my boyfriend,user,1745875643
That's a difficult situation. I can help you think through how to have this conversation with kindness and honesty.,assistant,1745875673
help me choose a baby name,user,1744466968
"I'd love to help you find the perfect baby name! Do you have any preferences for style, origin, or meaning?",assistant,1744466998
help me choose a career,user,1744274633
"Choosing a career is a big decision! Let's start with your interests, skills, and values. What matters most to you?",assistant,1744274663
help me choose a pet,user,1747545800
Finding the right pet is exciting! What's your living situation and how much time can you dedicate to pet care?,assistant,1747545830
help me debug this code,user,1743997527
I'd be happy to help you debug your code! Please share the code and describe what's not working as expected.,assistant,1743997557
Help me debug this Python code,user,1754186626
Sure! I can help you troubleshoot your Python code. What's the issue you're encountering?,assistant,1754186656
help me plan a birthday party,user,1749951772
I'd love to help you plan a memorable birthday party! What's the age of the birthday person and your budget?,assistant,1749951802
help me plan a camping trip,user,1748784776
A camping trip sounds amazing! Where are you thinking of going and what's your camping experience level?,assistant,1748784806
help me plan a picnic,user,1751120653
Picnics are so fun! I can help you plan everything from food to activities. How many people are you expecting?,assistant,1751120683
help me plan a road trip,user,1736408891
"Road trips are the best! I can help you plan your route, stops, and packing. Where are you hoping to go?",assistant,1736408921
help me plan a surprise party,user,1736529418
Surprise parties are so exciting! I can help you organize everything while keeping it secret. What's the occasion?,assistant,1736529448
help me plan a trip to Japan,user,1735735406
Japan is incredible! I can help you plan an amazing trip. What time of year and what interests you most about Japan?,assistant,1735735436
help me plan a trip to Japan,user,1745632122
"I'd be delighted to help you explore Japan! Are you interested in culture, food, nature, or a mix of everything?",assistant,1745632152
help me understand 401k,user,1755859836
A 401k is a retirement savings account through your employer where you contribute pre-tax money and often get company matching.,assistant,1755859866
help me understand artificial intelligence,user,1756155416
"AI is technology that enables machines to simulate human intelligence, including learning, reasoning, and decision-making.",assistant,1756155446
help me understand bond investing,user,1756257520
Bonds are like loans you give to companies or governments that pay you interest over time - they're generally safer than stocks.,assistant,1756257550
help me understand calculus,user,1753957013
Calculus studies rates of change and areas under curves - it's like advanced math for understanding motion and growth.,assistant,1753957043
help me understand climate change,user,1755444961
Climate change is the long-term warming of Earth due to increased greenhouse gases from human activities like burning fossil fuels.,assistant,1755444991
help me understand credit scores,user,1752797436
"Credit scores measure how reliably you pay back borrowed money, ranging from 300-850, with higher scores getting better loan terms.",assistant,1752797466
help me understand cryptocurrency,user,1753219524
"Cryptocurrency is digital money secured by cryptography and built on blockchain technology, operating without central banks.",assistant,1753219554
help me understand cryptocurrency,user,1752956636
Crypto is digital currency that uses encryption for security and exists on decentralized networks rather than traditional banks.,assistant,1752956666
help me understand economics,user,1753312232
"Economics studies how societies allocate scarce resources, covering topics like supply and demand, markets, and government policy.",assistant,1753312262
help me understand estate planning,user,1756904006
"Estate planning involves organizing your assets and wishes for after you pass away, including wills, trusts, and beneficiary designations.",assistant,1756904036
help me understand evolution,user,1752613188
"Evolution is how species change over time through natural selection, where beneficial traits become more common in populations.",assistant,1752613218
help me understand health insurance,user,1737775857
"Health insurance helps pay medical costs through premiums, deductibles, and copays to protect you from large healthcare expenses.",assistant,1737775887
help me understand insurance,user,1753185745
"Insurance is financial protection where you pay premiums to cover potential large losses from accidents, illness, or disasters.",assistant,1753185775
help me understand insurance,user,1749269783
Insurance spreads risk by pooling premiums from many people to pay for the few who experience covered losses.,assistant,1749269813
help me understand life insurance,user,1750348570
"Life insurance provides money to your beneficiaries when you die, helping replace lost income and cover final expenses.",assistant,1750348600
help me understand machine learning,user,1755693805
Machine learning enables computers to learn patterns from data and make predictions without being explicitly programmed for each task.,assistant,1755693835
help me understand mortgages,user,1741634494
"A mortgage is a loan to buy property where the property serves as collateral, typically paid back over 15-30 years.",assistant,1741634524
help me understand mortgages,user,1748397058
"Mortgages let you buy a home by borrowing money and paying it back over time, with the house as security for the loan.",assistant,1748397088
help me understand mutual funds,user,1750205997
"Mutual funds pool money from many investors to buy a diversified portfolio of stocks, bonds, or other securities.",assistant,1750206027
help me understand philosophy,user,1736186576
"Philosophy explores fundamental questions about existence, knowledge, ethics, and reality through logical reasoning and critical thinking.",assistant,1736186606
help me understand psychology,user,1748729835
"Psychology is the scientific study of human behavior, thoughts, and emotions, helping us understand how the mind works.",assistant,1748729865
help me understand quantum computing,user,1756992396
Quantum computing uses quantum physics principles to process information in ways that could solve certain problems much faster.,assistant,1756992426
help me understand retirement planning,user,1756592427
Retirement planning involves saving and investing over time to build enough wealth to support yourself when you stop working.,assistant,1756592457
help me understand student loans,user,1752742445
"Student loans help pay for education and must be repaid with interest, often with flexible payment options based on income.",assistant,1752742475
help me understand taxes,user,1747321201
"Taxes are mandatory payments to government based on income or spending to fund public services like roads, schools, and defense.",assistant,1747321231
help me understand taxes,user,1745809701
The tax system collects money from citizens and businesses to pay for government operations and public benefits.,assistant,1745809731
help me understand the electoral college,user,1744952768
"The Electoral College is how the US elects presidents - each state gets electors who formally choose the president, not direct popular vote.",assistant,1744952798
help me understand the stock market crash,user,1742820129
"Stock market crashes happen when prices fall rapidly due to panic selling, often triggered by economic fears or major events.",assistant,1742820159
help me with my math homework,user,1754689213
I'd be happy to help you understand math concepts and work through problems step by step!,assistant,1754689243
help me write a birthday card,user,1736201345
I'd love to help you write a heartfelt birthday card! Who is it for and what's your relationship to them?,assistant,1736201375
help me write a book proposal,user,1755758847
I can help you craft a compelling book proposal! What genre and topic is your book about?,assistant,1755758877
help me write a brand story,user,1739870530
I'd be happy to help you develop an engaging brand story! What's your company's mission and values?,assistant,1739870560
help me write a business email,user,1755128279
I can help you write a professional business email! What's the purpose and who's the recipient?,assistant,1755128309
help me write a business plan,user,1755526514
I'd be glad to help you structure a comprehensive business plan! What type of business are you planning?,assistant,1755526544
help me write a case study,user,1746667813
I can help you create a compelling case study! What project or situation would you like to analyze?,assistant,1746667843
help me write a competitive analysis,user,1758342275
I'd be happy to help you analyze your competition! What industry and specific competitors are you focusing on?,assistant,1758342305
help me write a complaint letter,user,1735906842
I can help you write a professional complaint letter that gets results. What's the issue you're addressing?,assistant,1735906872
help me write a condolence card,user,1750996836
I'd be honored to help you write a thoughtful condolence message. What was your relationship to the person?,assistant,1750996866
help me write a content strategy,user,1744244005
I can help you develop an effective content strategy! What's your target audience and business goals?,assistant,1744244035
help me write a cover letter,user,1749264196
I'd be happy to help you craft a compelling cover letter! What position are you applying for?,assistant,1749264226
help me write a dating profile,user,1757930223
"I can help you create an authentic, engaging dating profile! What are your interests and what kind of relationship are you seeking?",assistant,1757930253
help me write a feasibility study,user,1750086582
I can help you structure a thorough feasibility study! What project or business venture are you evaluating?,assistant,1750086612
help me write a grant proposal,user,1749459298
I'd be glad to help you write a persuasive grant proposal! What's your project and funding purpose?,assistant,1749459328
help me write a job description,user,1754091042
"I can help you write a clear, attractive job description! What position are you hiring for?",assistant,1754091072
help me write a letter of recommendation,user,1744517935
I'd be happy to help you write a strong recommendation letter! Who are you recommending and for what purpose?,assistant,1744517965
help me write a love letter,user,1747420699
I'd be delighted to help you express your feelings! Tell me about your relationship and what you want to convey.,assistant,1747420729
help me write a marketing campaign,user,1745479066
I can help you develop an effective marketing campaign! What's your product/service and target audience?,assistant,1745479096
help me write a movie script,user,1736925772
I'd love to help you develop a movie script! What's your story concept and genre?,assistant,1736925802
help me write a newsletter,user,1745988058
I can help you create an engaging newsletter! What's your audience and what content do you want to include?,assistant,1745988088
help me write a performance review,user,1753571948
I can help you write a fair and constructive performance review! Is this for an employee or your own self-evaluation?,assistant,1753571978
help me write a press release,user,1753459553
I'd be happy to help you write a compelling press release! What news or announcement are you sharing?,assistant,1753459583
help me write a privacy policy,user,1750005209
"I can help you draft a privacy policy, but you'll need legal review for compliance. What type of business is this for?",assistant,1750005239
help me write a product description,user,1747378156
I'd be happy to help you write an appealing product description! What product are you describing?,assistant,1747378186
help me write a product review,user,1750240850
I can help you structure a helpful product review! What product did you use and what was your experience?,assistant,1750240880
help me write a project charter,user,1752566932
I can help you create a comprehensive project charter! What's the project scope and objectives?,assistant,1752566962
help me write a project proposal,user,1756475584
I'd be happy to help you structure a compelling project proposal! What's the project and who's your audience?,assistant,1756475614
help me write a recommendation letter,user,1752654444
I can help you write a strong recommendation letter! Who are you recommending and for what purpose?,assistant,1752654474
help me write a resignation letter,user,1757402447
I can help you write a professional resignation letter! What's your situation and timeline?,assistant,1757402477
help me write a resignation letter,user,1746663973
I'd be glad to help you draft a respectful resignation letter! How much notice are you giving?,assistant,1746664003
help me write a resume,user,1748452462
I can help you create a compelling resume that highlights your strengths! What field are you applying to?,assistant,1748452492
help me write a risk assessment,user,1741909698
I can help you structure a thorough risk assessment! What project or situation are you evaluating?,assistant,1741909728
help me write a sales pitch,user,1756649778
I'd be happy to help you craft a persuasive sales pitch! What are you selling and who's your target customer?,assistant,1756649808
help me write a social media strategy,user,1751435655
I can help you develop an effective social media strategy! What's your business and target audience?,assistant,1751435685
help me write a stakeholder analysis,user,1744575784
I'd be glad to help you map out stakeholders! What project or initiative are you analyzing?,assistant,1744575814
help me write a terms of service,user,1747747560
"I can help you draft terms of service, but you'll need legal review for compliance. What type of service is this for?",assistant,1747747590
help me write a thank you note,user,1747304713
I'd be happy to help you write a heartfelt thank you note! What are you expressing gratitude for?,assistant,1747304743
help me write a thank you note,user,1753507204
I can help you craft a meaningful thank you message! Who are you thanking and for what reason?,assistant,1753507234
help me write a user manual,user,1739729716
"I can help you create a clear, helpful user manual! What product or service are you documenting?",assistant,1739729746
help me write a user story,user,1754828594
I'd be happy to help you write user stories! What feature or functionality are you describing?,assistant,1754828624
help me write a value proposition,user,1752586707
I can help you craft a compelling value proposition! What product or service are you positioning?,assistant,1752586737
help me write a wedding speech,user,1741163635
I'd be honored to help you write a memorable wedding speech! What's your relationship to the couple?,assistant,1741163665
help me write a wedding speech,user,1755634985
"I can help you create a heartfelt wedding speech! Are you the best man, maid of honor, or family member?",assistant,1755635015
How do I apologize to my friend?,user,1745614385
"A sincere apology includes taking responsibility, expressing regret, and asking how to make things right.",assistant,1745614415
how do I ask my crush out?,user,1748108951
"Be genuine, confident, and direct. Start with a simple invitation to something you both enjoy.",assistant,1748108981
how do I ask someone out,user,1742795727
"Choose a casual setting, be yourself, and suggest a specific activity you'd both enjoy together.",assistant,1742795757
how do I backup my phone,user,1735887152
Use iCloud for iPhone or Google Backup for Android. Enable automatic backups in your settings.,assistant,1735887182
how do I backup my photos?,user,1748226501
"Use cloud services like Google Photos, iCloud, or Dropbox for automatic photo backup and sync.",assistant,1748226531
How do I bake sourdough bread?,user,1747140882
"Start with a sourdough starter, mix with flour and water, let it ferment, shape, and bake at high heat.",assistant,1747140912
how do I build a website,user,1738885685
"Start with a website builder like WordPress, Wix, or learn HTML/CSS for custom development.",assistant,1738885715
How do I build a website?,user,1742871374
"Choose a platform (WordPress, Squarespace), pick a domain name, select hosting, and start designing.",assistant,1742871404
How do I calculate compound interest?,user,1754583739
"Use the formula A = P(1 + r/n)^(nt) where P is principal, r is rate, n is frequency, t is time.",assistant,1754583769
how do I change a fuse?,user,1744111435
"Turn off power, locate the fuse box, remove the blown fuse, and replace with same amperage fuse.",assistant,1744111465
how do I change a lightbulb?,user,1753377843
"Turn off the power, wait for the bulb to cool, unscrew the old bulb, and screw in the new one.",assistant,1753377873
how do I change a tire,user,1749344538
"Pull over safely, use jack to lift car, remove lug nuts, replace tire, and tighten lug nuts.",assistant,1749344568
how do I change a tire?,user,1746330850
"Loosen lug nuts, jack up the car, remove flat tire, mount spare, lower car, and tighten lug nuts.",assistant,1746330880
How do I change a tire?,user,1753319927
"Find safe location, engage parking brake, loosen lug nuts, jack up car, replace tire, lower car.",assistant,1753319957
how do I change my car's air filter?,user,1753478517
"Open the hood, locate the air filter housing, remove the old filter, and insert the new one.",assistant,1753478547
how do I change my oil,user,1740439743
"Warm up engine, drain old oil, replace oil filter, refill with new oil, and check level.",assistant,1740439773
how do I change my oil?,user,1742077241
"Lift the car, drain old oil from drain plug, replace oil filter, add new oil, and check levels.",assistant,1742077271
How do I change my oil?,user,1757603015
"Get under the car safely, drain old oil, replace filter, refill with correct oil type and amount.",assistant,1757603045
how do I cook pasta,user,1747746441
"Boil salted water, add pasta, cook according to package time, drain, and serve with sauce.",assistant,1747746471
How do I cook rice properly?,user,1745446661
"Use 2:1 water to rice ratio, bring to boil, reduce heat, simmer covered for 18 minutes, let rest.",assistant,1745446691
